country	url	type	town
Afghanistan	/government/world/organisations/british-embassy-kabul	British Embassy	Kabul
Albania	/government/world/organisations/british-embassy-tirana	British Embassy	Tirana
Algeria	/government/world/organisations/british-embassy-algiers	British Embassy	Algiers
American Samoa			
Andorra			
Angola	/government/world/organisations/british-embassy-luanda	British Embassy	Luanda
Anguilla			
Antigua and Barbuda			
Argentina	/government/world/organisations/british-embassy-buenos-aires	British Embassy	Buenos Aires
Armenia	/government/world/organisations/british-embassy-yerevan	British Embassy	Yerevan
Aruba			
Australia	/government/world/organisations/british-high-commission-canberra	British High Commission	Canberra
Australia	/government/world/organisations/british-consulate-brisbane	British Consulate	Brisbane
Australia	/government/world/organisations/british-consulate-perth	British Consulate	Perth
Australia	/government/world/organisations/british-consulate-general-melbourne	British Consulate General	Melbourne
Australia	/government/world/organisations/british-consulate-general-sydney	British Consulate General	Sydney
Austria	/government/world/organisations/british-embassy-vienna	British Embassy	Vienna
Azerbaijan	/government/world/organisations/british-embassy-baku	British Embassy	Baku
Bahamas			
Bahrain	/government/world/organisations/british-embassy-manama	British Embassy	Manama
Bangladesh	/government/world/organisations/british-high-commission-dhaka	British High Commission	Dhaka
Bangladesh	/government/world/organisations/british-consulate-sylhet	British Consular services	Sylhet
Barbados	/government/world/organisations/british-high-commission-barbados	British High Commission	Bridgetown
Belarus	/government/world/organisations/british-embassy-minsk	British Embassy	Minsk
Belgium	/government/world/organisations/british-embassy-brussels	British Embassy	Brussels
Belize	/government/world/organisations/british-high-commission-belmopan	British High Commission	Belmopan
Benin			
Bermuda			
Bhutan			
Bolivia	/government/world/organisations/british-embassy-bolivia	British Embassy	La Paz
Bonaire/St Eustatius/Saba			
Bosnia and Herzegovina	/government/world/organisations/british-embassy-sarajevo	British Embassy	Sarajevo
Bosnia and Herzegovina	/government/world/organisations/ministry-of-defence-sarajevo	Ministry of Defence Sarajevo	
Botswana	/government/world/organisations/british-high-commission-gaborone	British High Commission	Gaborone
Brazil	/government/world/organisations/british-embassy-brazil	British Embassy	Brasilia
British Antarctic Territory			
British Indian Ocean Territory			
British Virgin Islands			
Brunei	/government/world/organisations/british-high-commission-bandar-seri-begawan	British High Commission	Bandar Seri Begawan
Bulgaria	/government/world/organisations/british-embassy-sofia	British Embassy	Sofia
Burkina Faso			
Burma	/government/world/organisations/british-embassy-rangoon	British Embassy	Rangoon
Burundi	/government/world/organisations/british-embassy-liaison-office-bujumbura	British Embassy Liaison Office	Bujumbura
Burundi	/government/world/organisations/british-high-commission-kigali	British High Commission	Kigali
Cambodia	/government/world/organisations/british-embassy-phnom-penh	British Embassy	Phnom Penh
Cameroon	/government/world/organisations/british-high-commission-yaounde	British High Commission	Yaounde
Canada	/government/world/organisations/british-high-commission-ottawa	British High Commission	Ottawa
Canada	/government/world/organisations/british-consulate-general-calgary	British Consulate-General	Calgary
Canada	/government/world/organisations/british-consulate-general-montreal	British Consulate-General	Montreal
Canada	/government/world/organisations/british-consulate-general-vancouver	British Consulate-General	Vancouver
Canada	/government/world/organisations/british-consulate-general-toronto	British Consulate-General	Toronto
Cape Verde			
Cayman Islands			
Central African Republic			
Chad	/government/world/organisations/british-high-commission-yaounde	British High Commission	Yaounde
Chile	/government/world/organisations/british-embassy-chile	British Embassy	Santiago
China	/government/world/organisations/british-embassy-beijing	British Embassy	Beijing
China	/government/world/organisations/british-consulate-general-guangzhou	British Consulate General	Guangzhou
China	/government/world/organisations/british-consulate-general-chongqing	British Consulate General	Chongqing
China	/government/world/organisations/british-consulate-general-shanghai	British Consulate General	Shanghai
China	/government/world/organisations/british-consulate-general-wuhan	British Consulate General	Wuhan
China	/government/world/organisations/china-regional-cities-network	China Regional Cities Network	
Colombia	/government/world/organisations/british-embassy-colombia	British Embassy	Bogotá
Comoros			
Congo			
Costa Rica	/government/world/organisations/british-embassy-in-costa-rica	British Embassy	San Jose
Cote d’Ivoire	/government/world/organisations/british-embassy-abidjan	British Embassy	Abidjan
Croatia	/government/world/organisations/british-embassy-zagreb	British Embassy	Zagreb
Croatia	/government/world/organisations/british-consulate-split	British Consulate	Split
Cuba	/government/world/organisations/british-embassy-havana	British Embassy	Havana
Curaçao			
Cyprus	/government/world/organisations/british-high-commission-nicosia	British High Commission	Nicosia
Czech Republic	/government/world/organisations/british-embassy-prague	British Embassy	Prague
Democratic Republic of Congo	/government/world/organisations/british-embassy-kinshasa	British Embassy	Kinshasa
Denmark	/government/world/organisations/british-embassy-copenhagen	British Embassy	Copenhagen
Djibouti	/government/world/organisations/british-embassy-addis-ababa	British Embassy	Addis Ababa
Dominica			
Dominican Republic	/government/world/organisations/british-embassy-santo-domingo	British Embassy	Santo Domingo
Ecuador	/government/world/organisations/british-embassy-in-ecuador	British Embassy	Quito
Egypt	/government/world/organisations/british-embassy-cairo	British Embassy	Cairo
Egypt	/government/world/organisations/british-consulate-general-alexandria	British Consulate General	Alexandria
El Salvador	/government/world/organisations/british-embassy-san-salvador	British Embassy	San Salvador
Equatorial Guinea	/government/world/organisations/british-high-commission-yaounde	British High Commission	Yaounde
Eritrea	/government/world/organisations/british-embassy-asmara	British Embassy	Asmara
Estonia	/government/world/organisations/british-embassy-tallinn	British Embassy	Tallinn
Ethiopia	/government/world/organisations/british-embassy-addis-ababa	British Embassy	Addis Ababa
Falkland Islands			
Fiji	/government/world/organisations/british-high-commission-suva	British High Commission	Suva
Fiji	/government/world/organisations/uk-trade-investment-png-and-south-pacific	Department For International Trade	Papua New Guinea and South Pacific
Finland	/government/world/organisations/british-embassy-helsinki	British Embassy	Helsinki
France	/government/world/organisations/british-embassy-paris	British Embassy	Paris
France	/government/world/organisations/british-consulate-bordeaux	British Consulate	Bordeaux
France	/government/world/organisations/british-consulate-marseille	British Consulate	Marseille
French Guiana			
French Polynesia			
Gabon	/government/world/organisations/british-high-commission-yaounde	British High Commission	Yaounde
Gambia	/government/world/organisations/british-high-commission-banjul	British Embassy	Banjul
Georgia	/government/world/organisations/british-embassy-tbilisi	British Embassy	Tbilisi
Germany	/government/world/organisations/british-embassy-berlin	British Embassy	Berlin
Germany	/government/world/organisations/british-consulate-general-dusseldorf	British Consulate General	Dusseldorf
Germany	/government/world/organisations/british-consulate-general-munich	British Consulate General	Munich
Ghana	/government/world/organisations/british-high-commission-accra	British High Commission	Accra
Gibraltar			
Greece	/government/world/organisations/british-embassy-athens	British Embassy	Athens
Greece	/government/world/organisations/british-vice-consulate-corfu	British Vice Consulate	Corfu
Greece	/government/world/organisations/british-vice-consulate-crete	British Vice Consulate	Crete
Greece	/government/world/organisations/british-vice-consulate-rhodes	British Vice Consulate	Rhodes
Greece	/government/world/organisations/british-honorary-vice-consulate-zakynthos	British Honorary Vice Consulate	Zakynthos
Grenada			
Guadeloupe			
Guatemala	/government/world/organisations/british-embassy-guatemala	British Embassy	Guatemala City
Guinea	/government/world/organisations/british-embassy-conakry	British Embassy	Conakry
Guinea-Bissau			
Guyana	/government/world/organisations/british-high-commission-georgetown	British High Commission	Georgetown
Haiti	/government/world/organisations/british-embassy-port-au-prince	British Embassy	Port-au-Prince
Holy See			
Honduras			
Hong Kong	/government/world/organisations/british-consulate-general-hong-kong	British Consulate General	Hong Kong
Hungary	/government/world/organisations/british-embassy-budapest	British Embassy	Budapest
Iceland	/government/world/organisations/british-embassy-reykjavik	British Embassy	Reykjavik
India	/government/world/organisations/british-high-commission-new-delhi	British High Commission	New Delhi
India	/government/world/organisations/british-deputy-high-commission-ahmedabad	British Deputy High Commission	Ahmedabad
India	/government/world/organisations/british-deputy-high-commission-bangalore	British Deputy High Commission	Bengaluru
India	/government/world/organisations/british-deputy-high-commission-chandigarh	British Deputy High Commission	Chandigarh
India	/government/world/organisations/british-deputy-high-commissioner-chennai	British Deputy High Commission	Chennai
India	/government/world/organisations/british-deputy-high-commission-hyderabad	British Deputy High Commission	Hyderabad
India	/government/world/organisations/british-deputy-high-commission-kolkata	British Deputy High Commission	Kolkata
India	/government/world/organisations/british-deputy-high-commission-mumbai	British Deputy High Commission	Mumbai
India	/government/world/organisations/british-nationals-assistance-office-goa	British Nationals Assistance Office	Goa
Indonesia	/government/world/organisations/british-embassy-jakarta	British Embassy	Jakarta
Indonesia	/government/world/organisations/british-consulate-bali	British Consulate	Bali
Iran			
Iran	/government/world/organisations/uk-for-iranians	British Embassy	Tehran
Iraq	/government/world/organisations/british-embassy-baghdad	British Embassy	Baghdad
Iraq	/government/world/organisations/british-consulate-general-erbil	British Consulate General	Erbil
Ireland	/government/world/organisations/british-embassy-dublin	British Embassy	Dublin
Israel	/government/world/organisations/british-embassy-tel-aviv	British Embassy	Tel Aviv
Italy	/government/world/organisations/british-embassy-rome	British Embassy	Rome
Italy	/government/world/organisations/british-consulate-general-milan	British Consulate General	Milan
Jamaica	/government/world/organisations/british-high-commission-jamaica	British High Commission	Kingston
Japan	/government/world/organisations/british-embassy-tokyo	British Embassy 	Tokyo
Japan	/government/world/organisations/british-consulate-general-osaka	British Consulate General	Osaka
Jordan	/government/world/organisations/british-embassy-amman	British Embassy	Amman
Kazakhstan	/government/world/organisations/british-embassy-astana	British Embassy	Astana
Kenya	/government/world/organisations/british-high-commission-nairobi	British High Commission	Nairobi
Kiribati			
Kosovo			
Kosovo	/government/world/organisations/british-embassy-pristina	British Embassy	Pristina
Kuwait	/government/world/organisations/british-embassy-kuwait	British Embassy	Kuwait
Kyrgyzstan	/government/world/organisations/british-embassy-bishkek	British Embassy	Bishkek
Laos	/government/world/organisations/british-embassy-vientiane	British Embassy	Vientiane
Latvia	/government/world/organisations/british-embassy-riga	British Embassy	Riga
Lebanon	/government/world/organisations/british-embassy-beirut	British Embassy	Beirut
Lesotho			
Liberia	/government/world/organisations/british-embassy-monrovia	British Embassy	Monrovia
Libya			
Liechtenstein			
Lithuania	/government/world/organisations/british-embassy-vilnius	British Embassy	Vilnius
Luxembourg	/government/world/organisations/british-embassy-in-luxembourg	British Embassy	Luxembourg
Macao			
Macedonia	/government/world/organisations/british-embassy-skopje	British Embassy	Skopje
Madagascar	/government/world/organisations/british-embassy-antananarivo	British Embassy	Antananarivo
Malawi	/government/world/organisations/british-high-commission-lilongwe	British High Commission	Lilongwe
Malaysia	/government/world/organisations/british-high-commission-kuala-lumpur	British High Commission	Kuala Lumpur
Maldives			
Mali	/government/world/organisations/british-embassy-bamako	British Embassy	Bamako
Mali	/government/world/organisations/british-high-commission-malta	British High Commission	Malta
Marshall Islands			
Martinique			
Mauritania			
Mauritius	/government/world/organisations/british-high-commission-port-louis	British High Commission	Port Louis
Mayotte			
Mexico	/government/world/organisations/british-embassy-mexico-city	British Embassy	Mexico City
Mexico	/government/world/organisations/british-consulate-general-cancun	British Consulate General	Cancun
Micronesia			
Moldova	/government/world/organisations/british-embassy-chisinau	British Embassy	Chisinau
Monaco			
Mongolia	/government/world/organisations/british-embassy-ulaanbaatar	British Embassy	Ulaanbaatar
Montenegro	/government/world/organisations/british-embassy-podgorica	British Embassy	Podgorica
Montserrat			
Morocco	/government/world/organisations/british-embassy-rabat	British Embassy	Rabat
Mozambique	/government/world/organisations/british-high-commission-maputo	British High Commission	Maputo
Namibia	/government/world/organisations/british-high-commission-windhoek	British High Commission	Windhoek
Nauru			
Nepal	/government/world/organisations/british-embassy-kathmandu	British Embassy	Kathmandu
Netherlands	/government/world/organisations/british-embassy-the-hague	British Embassy	The Hague
Netherlands	/government/world/organisations/british-consulate-general-amsterdam	British Consulate General	Amsterdam
New Caledonia			
New Zealand	/government/world/organisations/british-high-commission-wellington	British High Commission	Wellington
New Zealand	/government/world/organisations/british-consulate-general-auckland	British Consulate General	Auckland
Nicaragua	/government/world/organisations/british-embassy-in-costa-rica	British Embassy	San Jose
Nicaragua	/government/world/organisations/british-embassy-managua	British Embassy	Managua
Niger			
Nigeria	/government/world/organisations/british-high-commission-abuja	British High Commission	Abuja
North Korea	/government/world/organisations/british-embassy-pyonyang	British Embassy	Pyongyang
Norway	/government/world/organisations/british-embassy-oslo	British Embassy	Oslo
Norway	/government/world/organisations/uk-trade-investment-norway	Department For International Trade	Norway
Oman	/government/world/organisations/british-embassy-muscat	British Embassy	Muscat
Pakistan	/government/world/organisations/british-high-commission-islamabad	British High Commission	Islamabad
Pakistan	/government/world/organisations/british-deputy-high-commission-karachi	British Deputy High Commission	Karachi
Palau			
Panama	/government/world/organisations/british-embassy-panama-city	British Embassy	Panama City
Papua New Guinea	/government/world/organisations/british-high-commission-port-moresby	British High Commission	Port Moresby
Papua New Guinea	***Department&For&International&Trade	Papua New Guinea and South Pacific	
Paraguay	/government/world/organisations/british-embassy-asuncion	British Embassy	Asunción
Peru	/government/world/organisations/british-embassy-peru	British Embassy	Lima
Philippines			
Philippines	/government/world/organisations/british-embassy-manila	British Embassy	Manila
Pitcairn Island			
Poland	/government/world/organisations/british-embassy-warsaw	British Embassy	Warsaw
Portugal	/government/world/organisations/british-embassy-lisbon	British Embassy	Lisbon
Portugal	/government/world/organisations/british-vice-consulate-portimao	British Vice Consulate	Portimão
Qatar	/government/world/organisations/british-embassy-doha	British Embassy	Doha
Réunion			
Romania	/government/world/organisations/british-embassy-bucharest	British Embassy	Bucharest
Russia	/government/world/organisations/british-embassy-moscow	British Embassy	Moscow
Russia	/government/world/organisations/british-consulate-general-ekaterinburg	British Consulate General	Ekaterinburg
Russia	/government/world/organisations/british-consulate-general-st-petersburg	British Consulate-General	St Petersburg
Rwanda	/government/world/organisations/british-high-commission-kigali	British High Commission	Kigali
Saint-Barthélemy			
Samoa			
San Marino			
São Tomé and Principe			
Saudi Arabia	/government/world/organisations/british-embassy-riyadh	British Embassy	Riyadh
Saudi Arabia	/government/world/organisations/british-consulate-general-jeddah	British Consulate General	Jeddah
Senegal	/government/world/organisations/british-embassy-dakar	British Embassy	Dakar
Serbia	/government/world/organisations/british-embassy-belgrade	British Embassy	Belgrade
Seychelles	/government/world/organisations/high-commission-victoria	British High Commission	Victoria
Sierra Leone	/government/world/organisations/british-high-commission-freetown	British High Commission	Freetown
Singapore	/government/world/organisations/british-high-commission-singapore	British High Commission	Singapore
Slovakia	/government/world/organisations/british-embassy-bratislava	British Embassy	Bratislava
Slovenia	/government/world/organisations/british-embassy-ljubljana	British Embassy	Ljubljana
Solomon Islands	/government/world/organisations/british-high-commission-honiara	British High Commission	Honiara
Solomon Islands	***Department&For&International&Trade	Papua New Guinea and South Pacific	
Somalia	/government/world/organisations/british-embassy-mogadishu	British Embassy	Mogadishu
South Africa	/government/world/organisations/british-high-commission-pretoria	British High Commission	Pretoria
South Africa	/government/world/organisations/british-consulate-general-cape-town	British Consulate-General	Cape Town
South Georgia and the South Sandwich Islands			
South Korea	/government/world/organisations/british-embassy-seoul	British Embassy	Seoul
South Sudan	/government/world/organisations/british-embassy-juba	British Embassy	Juba
Spain	/government/world/organisations/british-embassy-madrid	British Embassy	Madrid
Spain	/government/world/organisations/british-consulate-general-madrid	British Consulate General	Madrid
Spain	/government/world/organisations/british-consulate-alicante	British Consulate	Alicante
Spain	/government/world/organisations/british-consulate-general-barcelona	British Consulate General	Barcelona
Spain	/government/world/organisations/british-consulate-malaga	British Consulate	Malaga
Spain	/government/world/organisations/british-consulate-ibiza	British Consulate	Ibiza
Spain	/government/world/organisations/british-consulate-las-palmas-de-gran-canaria	British Consulate	Las Palmas de Gran Canaria
Spain	/government/world/organisations/british-consulate-palma-de-mallorca	British Consulate Palma de Mallorca	
Spain	/government/world/organisations/british-consulate-santa-cruz-de-tenerife	British Consulate Santa Cruz de Tenerife	
Sri Lanka	/government/world/organisations/british-high-commission-colombo	British High Commission	Colombo
St Helena, Ascension and Tristan da Cunha			
St Kitts and Nevis			
St Lucia	/government/world/organisations/british-high-commission-barbados	British High Commission	Bridgetown
St Lucia	/government/world/organisations/british-high-commission-castries	British High Commission	Castries
St Maarten			
St Martin			
St Pierre &amp; Miquelon			
St Vincent and The Grenadines			
Sudan	/government/world/organisations/british-embassy-khartoum	British Embassy	Khartoum
Suriname			
Swaziland			
Sweden	/government/world/organisations/british-embassy-stockholm	British Embassy	Stockholm
Switzerland	/government/world/organisations/british-embassy-berne	British Embassy	Berne
Syria			
Taiwan			
Tajikistan	/government/world/organisations/british-embassy-dushanbe	British Embassy	Dushanbe
Tanzania	/government/world/organisations/british-high-commission-dar-es-salaam	British High Commission	Dar es alaam
Thailand	/government/world/organisations/british-embassy-bangkok	British Embassy	Bangkok
The Occupied Palestinian Territories	/government/world/organisations/british-consulate-general-jerusalem	British Consulate-General	Jerusalem
Timor Leste			
Togo			
Tonga			
Trinidad and Tobago	/government/world/organisations/british-high-commission-trinidad-and-tobago	British High Commission	Port Of Spain
Tunisia	/government/world/organisations/british-embassy-tunis	British Embassy	Tunis
Tunisia	/government/world/organisations/uk-trade-investment-tunisia	Department For International Trade	Tunisia
Turkey	/government/world/organisations/british-embassy-ankara	British Embassy	Ankara
Turkey	/government/world/organisations/british-vice-consulate-antalya	British Vice Consulate	Antalya
Turkey	/government/world/organisations/british-honorary-consulate-bodrum	British Honorary Consulate	Bodrum
Turkey	/government/world/organisations/british-honorary-consulate-fethiye	British Honorary Consulate	Fethiye
Turkey	/government/world/organisations/british-consulate-general-istanbul	British Consulate General	Istanbul
Turkey	/government/world/organisations/british-consulate-izmir	British Consulate	Izmir
Turkey	/government/world/organisations/british-honorary-consulate-marmaris	British Honorary Consulate	Marmaris
Turkmenistan	/government/world/organisations/british-embassy-ashgabat	British Embassy	Ashgabat
Turks and Caicos Islands			
Tuvalu			
Uganda	/government/world/organisations/british-high-commission-kampala	British High Commission	Kampala
Ukraine	/government/world/organisations/british-embassy-kyiv	British Embassy	Kyiv
United Arab Emirates	/government/world/organisations/british-embassy-abu-dhabi	British Embassy	Abu Dhabi
United Arab Emirates	/government/world/organisations/british-embassy-dubai	British Embassy	Dubai
Uruguay	/government/world/organisations/british-embassy-montevideo	British Embassy	Montevideo
USA	/government/world/organisations/british-embassy-washington	British Embassy	Washington
USA	/government/world/organisations/british-consulate-general-atlanta	British Consulate General	Atlanta
USA	/government/world/organisations/british-consulate-general-boston	British Consulate General	Boston
USA	/government/world/organisations/british-consulate-general-chicago	British Consulate General	Chicago
USA	/government/world/organisations/british-consulate-general-houston	British Consulate General	Houston
USA	/government/world/organisations/british-consulate-general-miami	British Consulate General	Miami
USA	/government/world/organisations/british-consulate-general-new-york	British Consulate General	New York
USA	/government/world/organisations/british-consulate-general-san-francisco	British Consulate General	San Francisco
USA	/government/world/organisations/british-consulate-general-los-angeles	British Consulate General	Los Angeles
Uzbekistan	/government/world/organisations/british-embassy-tashkent	British Embassy	Tashkent
Vanuatu			
Venezuela	/government/world/organisations/british-embassy-venezuela	British Embassy	Caracas
Vietnam	/government/world/organisations/british-embassy-hanoi	British Embassy	Hanoi
Vietnam	/government/world/organisations/british-consulate-general-ho-chi-minh-city	British Consulate General	Ho-Chi-Minh-City
Wallis and Futuna			
Western Sahara			
Yemen	/government/world/organisations/british-embassy-sana-a	British Embassy	Sana’a
Zambia	/government/world/organisations/british-high-commission-lusaka	British High Commission	Lusaka
Zimbabwe	/government/world/organisations/british-embassy-harare	British Embassy	Harare
Zimbabwe	/government/world/organisations/british-consulate-general-rio-de-janeiro	British Consulate-General	Rio de Janeiro
Zimbabwe	/government/world/organisations/british-consulate-general-sao-paulo	British Consulate-General	Sao Paulo
Zimbabwe	/government/world/organisations/british-consulate-general-recife	British Consulate-General	Recife
Zimbabwe	/government/world/organisations/british-consulate-general-belo-horizonte	British Consulate-General	Belo Horizonte
