country	url	
Afghanistan	https://embassy-finder.com/united-kingdom_in_kabul_afghanistan	
Australia	https://embassy-finder.com/united-kingdom_in_australia	
Austria	https://embassy-finder.com/united-kingdom_in_austria	
Azerbaijan	https://embassy-finder.com/united-kingdom_in_baku_azerbaijan	
Bahrain	https://embassy-finder.com/united-kingdom_in_manama_bahrain	
Bangladesh	https://embassy-finder.com/united-kingdom_in_bangladesh	
Barbados	https://embassy-finder.com/united-kingdom_in_bridgetown_barbados	
Belarus	https://embassy-finder.com/united-kingdom_in_minsk_belarus	
Belgium	https://embassy-finder.com/united-kingdom_in_belgium	
Belize	https://embassy-finder.com/united-kingdom_in_belmopan_belize	
Bolivia	https://embassy-finder.com/united-kingdom_in_la-paz_bolivia	
Bosnia and Herzegovina	https://embassy-finder.com/united-kingdom_in_sarajevo_bosnia-and-herzegovina	
Botswana	https://embassy-finder.com/united-kingdom_in_gaborone_botswana	
Brazil	https://embassy-finder.com/united-kingdom_in_brazil	
Brunei	https://embassy-finder.com/united-kingdom_in_bandar-seri-begawan_brunei	
Bulgaria	https://embassy-finder.com/united-kingdom_in_bulgaria	
Burkina Faso	https://embassy-finder.com/united-kingdom_in_ouagadougou_burkina-faso	
Burma (Myanmar)	https://embassy-finder.com/united-kingdom_in_yangon_burma	
Burundi	https://embassy-finder.com/united-kingdom_in_bujumbura_burundi	
Cambodia	https://embassy-finder.com/united-kingdom_in_phnom-penh_cambodia	
Cameroon	https://embassy-finder.com/united-kingdom_in_yaounde_cameroon	
Canada	https://embassy-finder.com/united-kingdom_in_canada	
Cape Verde	https://embassy-finder.com/united-kingdom_in_sao-vincente_cape-verde	
Chile	https://embassy-finder.com/united-kingdom_in_chile	
China	https://embassy-finder.com/united-kingdom_in_china	
Colombia	https://embassy-finder.com/united-kingdom_in_colombia	
Congo-Kinshasa	https://embassy-finder.com/united-kingdom_in_kinshasa_congo-kinshasa	
Costa Rica	https://embassy-finder.com/united-kingdom_in_san-jose_costa-rica	
Croatia	https://embassy-finder.com/united-kingdom_in_croatia	
Cuba	https://embassy-finder.com/united-kingdom_in_havana_cuba	
Cyprus	https://embassy-finder.com/united-kingdom_in_nicosia_cyprus	
Czech Republic	https://embassy-finder.com/united-kingdom_in_prague_czech-republic	
Denmark	https://embassy-finder.com/united-kingdom_in_denmark	
Djibouti	https://embassy-finder.com/united-kingdom_in_djibouti_djibouti	
Dominica	https://embassy-finder.com/united-kingdom_in_roseau_dominica	
Dominican Republic	https://embassy-finder.com/united-kingdom_in_dominican-republic	
Ecuador	https://embassy-finder.com/united-kingdom_in_ecuador	
Egypt	https://embassy-finder.com/united-kingdom_in_egypt	
El Salvador	https://embassy-finder.com/united-kingdom_in_san-salvador_el-salvador	
Eritrea	https://embassy-finder.com/united-kingdom_in_asmara_eritrea	
Estonia	https://embassy-finder.com/united-kingdom_in_tallinn_estonia	
Ethiopia	https://embassy-finder.com/united-kingdom_in_addis-ababa_ethiopia	
Faroe Islands	https://embassy-finder.com/united-kingdom_in_torshavn_faroe-islands	
Fiji	https://embassy-finder.com/united-kingdom_in_suva_fiji	
Finland	https://embassy-finder.com/united-kingdom_in_finland	
France	https://embassy-finder.com/united-kingdom_in_france	
French Guiana	https://embassy-finder.com/united-kingdom_in_cayenne_french-guiana	
French Polynesia	https://embassy-finder.com/united-kingdom_in_papeete_french-polynesia	
Gabon	https://embassy-finder.com/united-kingdom_in_libreville_gabon	
Gambia	https://embassy-finder.com/united-kingdom_in_banjul_gambia	
Georgia	https://embassy-finder.com/united-kingdom_in_tbilisi_georgia	
Germany	https://embassy-finder.com/united-kingdom_in_germany	
Ghana	https://embassy-finder.com/united-kingdom_in_accra_ghana	
Greece	https://embassy-finder.com/united-kingdom_in_greece	
Guadeloupe	https://embassy-finder.com/united-kingdom_in_guadeloupe_guadeloupe	
Guatemala	https://embassy-finder.com/united-kingdom_in_guatemala-city_guatemala	
Guinea	https://embassy-finder.com/united-kingdom_in_conakry_guinea	
Guinea-Bissau	https://embassy-finder.com/united-kingdom_in_bissau_guinea-bissau	<p><a 
Guyana	https://embassy-finder.com/united-kingdom_in_georgetown_guyana	
Haiti	https://embassy-finder.com/united-kingdom_in_port-au-prince_haiti	
Holy See (Vatican)	https://embassy-finder.com/united-kingdom_in_vatican-city_vatican	
Honduras	https://embassy-finder.com/united-kingdom_in_honduras	
Hong Kong	https://embassy-finder.com/united-kingdom_in_hong-kong_hong-kong	
Hungary	https://embassy-finder.com/united-kingdom_in_budapest_hungary	
Iceland	https://embassy-finder.com/united-kingdom_in_iceland	
India	https://embassy-finder.com/united-kingdom_in_india	
Indonesia	https://embassy-finder.com/united-kingdom_in_indonesia	
Iran	https://embassy-finder.com/united-kingdom_in_tehran_iran	
Iraq	https://embassy-finder.com/united-kingdom_in_iraq	
Ireland	https://embassy-finder.com/united-kingdom_in_dublin_ireland	
Israel	https://embassy-finder.com/united-kingdom_in_israel	
Italy	https://embassy-finder.com/united-kingdom_in_italy	
Jamaica	https://embassy-finder.com/united-kingdom_in_jamaica	
Japan	https://embassy-finder.com/united-kingdom_in_japan	
Jordan	https://embassy-finder.com/united-kingdom_in_amman_jordan	
Kazakhstan	https://embassy-finder.com/united-kingdom_in_kazakhstan	
Kenya	https://embassy-finder.com/united-kingdom_in_kenya	
Kosovo	https://embassy-finder.com/united-kingdom_in_pristina_kosovo	
Kuwait	https://embassy-finder.com/united-kingdom_in_kuwait_kuwait	
Kyrgyzstan	https://embassy-finder.com/united-kingdom_in_kyrgyzstan	
Latvia	https://embassy-finder.com/united-kingdom_in_riga_latvia	
Lebanon	https://embassy-finder.com/united-kingdom_in_lebanon	
Lesotho	https://embassy-finder.com/united-kingdom_in_maseru_lesotho	
Liberia	https://embassy-finder.com/united-kingdom_in_monrovia_liberia	
Libya	https://embassy-finder.com/united-kingdom_in_tripoli_libya	
Lithuania	https://embassy-finder.com/united-kingdom_in_vilnius_lithuania	
Luxembourg	https://embassy-finder.com/united-kingdom_in_luxembourg_luxembourg	
Macau	https://embassy-finder.com/united-kingdom_in_macau_macau	
Macedonia	https://embassy-finder.com/united-kingdom_in_skopje_macedonia	
Madagascar	https://embassy-finder.com/united-kingdom_in_antananarivo_madagascar	
Malawi	https://embassy-finder.com/united-kingdom_in_lilongwe_malawi	
Malaysia	https://embassy-finder.com/united-kingdom_in_malaysia	
Malta	https://embassy-finder.com/united-kingdom_in_valletta_malta	
Martinique	https://embassy-finder.com/united-kingdom_in_martinique_martinique	
Mauritania	https://embassy-finder.com/united-kingdom_in_nouakchott_mauritania	
Mauritius	https://embassy-finder.com/united-kingdom_in_mauritius	
Mexico	https://embassy-finder.com/united-kingdom_in_mexico	
Moldova	https://embassy-finder.com/united-kingdom_in_chisinau_moldova	
Mongolia	https://embassy-finder.com/united-kingdom_in_ulaan-batar_mongolia	
Montenegro	https://embassy-finder.com/united-kingdom_in_podgorica_montenegro	
Morocco	https://embassy-finder.com/united-kingdom_in_morocco	
Mozambique	https://embassy-finder.com/united-kingdom_in_mozambique	
Namibia	https://embassy-finder.com/united-kingdom_in_windhoek_namibia	
Nepal	https://embassy-finder.com/united-kingdom_in_kathmandu_nepal	
Netherlands	https://embassy-finder.com/united-kingdom_in_netherlands	
Netherlands Antilles	https://embassy-finder.com/united-kingdom_in_willemstad_netherlands-antilles	
New Caledonia	https://embassy-finder.com/united-kingdom_in_noumea_new-caledonia	
New Zealand	https://embassy-finder.com/united-kingdom_in_new-zealand	
Nicaragua	https://embassy-finder.com/united-kingdom_in_managua_nicaragua	
Niger	https://embassy-finder.com/united-kingdom_in_niamey_niger	
Nigeria	https://embassy-finder.com/united-kingdom_in_nigeria	
North Korea	https://embassy-finder.com/united-kingdom_in_pyongyang_north-korea	
Norway	https://embassy-finder.com/united-kingdom_in_norway	
Oman	https://embassy-finder.com/united-kingdom_in_muscat_oman	
Pakistan	https://embassy-finder.com/united-kingdom_in_pakistan	
Palestinian Territory	https://embassy-finder.com/united-kingdom_in_gaza-city_palestine	<p><a 
Panama	https://embassy-finder.com/united-kingdom_in_panama-city_panama	
Papua New Guinea	https://embassy-finder.com/united-kingdom_in_port-moresby_papua-new-guinea	
Paraguay	https://embassy-finder.com/united-kingdom_in_asuncion_paraguay	
Peru	https://embassy-finder.com/united-kingdom_in_peru	
Philippines	https://embassy-finder.com/united-kingdom_in_philippines	
Poland	https://embassy-finder.com/united-kingdom_in_poland	
Portugal	https://embassy-finder.com/united-kingdom_in_portugal	
Qatar	https://embassy-finder.com/united-kingdom_in_doha_qatar	
RÃ©union	https://embassy-finder.com/united-kingdom_in_reunion_reunion	
Romania	https://embassy-finder.com/united-kingdom_in_bucharest_romania	
Russia	https://embassy-finder.com/united-kingdom_in_russia	
Rwanda	https://embassy-finder.com/united-kingdom_in_kigali_rwanda	
Saint Lucia	https://embassy-finder.com/united-kingdom_in_castries_saint-lucia	
Saint Vincent and the Grenadines	https://embassy-finder.com/united-kingdom_in_kingstown_st-vincent-grenadines	
Samoa	https://embassy-finder.com/united-kingdom_in_apia_samoa	
Saudi Arabia	https://embassy-finder.com/united-kingdom_in_saudi-arabia	
Senegal	https://embassy-finder.com/united-kingdom_in_dakar_senegal	
Serbia	https://embassy-finder.com/united-kingdom_in_belgrade_serbia	
Seychelles	https://embassy-finder.com/united-kingdom_in_victoria_seychelles	
Sierra Leone	https://embassy-finder.com/united-kingdom_in_freetown_sierra-leone	
Singapore	https://embassy-finder.com/united-kingdom_in_singapore_singapore	
Slovakia	https://embassy-finder.com/united-kingdom_in_bratislava_slovakia	
Slovenia	https://embassy-finder.com/united-kingdom_in_ljubljana_slovenia	
Solomon Islands	https://embassy-finder.com/united-kingdom_in_honiara_solomon-islands	
Somalia	https://embassy-finder.com/united-kingdom_in_mogadishu_somalia	
South Africa	https://embassy-finder.com/united-kingdom_in_south-africa	
South Korea	https://embassy-finder.com/united-kingdom_in_south-korea	
South Sudan	https://embassy-finder.com/united-kingdom_in_juba_south-sudan	
Spain	https://embassy-finder.com/united-kingdom_in_spain	
Sri Lanka	https://embassy-finder.com/united-kingdom_in_colombo_sri-lanka	
Sudan	https://embassy-finder.com/united-kingdom_in_khartoum_sudan	
Suriname	https://embassy-finder.com/united-kingdom_in_paramaribo_suriname	
Swaziland	https://embassy-finder.com/united-kingdom_in_mbabane_swaziland	
Sweden	https://embassy-finder.com/united-kingdom_in_stockholm_sweden	
Switzerland	https://embassy-finder.com/united-kingdom_in_switzerland	
Syria	https://embassy-finder.com/united-kingdom_in_syria	
Taiwan	https://embassy-finder.com/united-kingdom_in_taipei_taiwan	
Tajikistan	https://embassy-finder.com/united-kingdom_in_dushanbe_tajikistan	
Tanzania	https://embassy-finder.com/united-kingdom_in_dar-es-salaam_tanzania	
Thailand	https://embassy-finder.com/united-kingdom_in_thailand	
Togo	https://embassy-finder.com/united-kingdom_in_lome_togo	
Trinidad and Tobago	https://embassy-finder.com/united-kingdom_in_port-of-spain_trinidad-and-tobago	
Tunisia	https://embassy-finder.com/united-kingdom_in_tunisia	
Turkey	https://embassy-finder.com/united-kingdom_in_turkey	
Turkmenistan	https://embassy-finder.com/united-kingdom_in_ashkabad_turkmenistan	
Uganda	https://embassy-finder.com/united-kingdom_in_kampala_uganda	
Ukraine	https://embassy-finder.com/united-kingdom_in_kiev_ukraine	
United Arab Emirates	https://embassy-finder.com/united-kingdom_in_united-arab-emirates	
Uruguay	https://embassy-finder.com/united-kingdom_in_montevideo_uruguay	
USA	https://embassy-finder.com/united-kingdom_in_usa	
Uzbekistan	https://embassy-finder.com/united-kingdom_in_tashkent_uzbekistan	
Venezuela	https://embassy-finder.com/united-kingdom_in_venezuela	
Vietnam	https://embassy-finder.com/united-kingdom_in_viet-nam	
Yemen	https://embassy-finder.com/united-kingdom_in_yemen	
Zambia	https://embassy-finder.com/united-kingdom_in_lusaka_zambia	
Zimbabwe	https://embassy-finder.com/united-kingdom_in_harare_zimbabwe	
