Website	Country	City
 https://www.embassypages.com/missions/embassy4520/	Afghanistan	London
 https://www.embassypages.com/missions/embassy13166/	Albania	London
 https://www.embassypages.com/missions/embassy15618/	Algeria	London
 https://www.embassypages.com/missions/embassy15619/	Angola	London
 https://www.embassypages.com/missions/embassy15620/	Antigua and Barbuda	London
 https://www.embassypages.com/missions/embassy13414/	Argentina	London
 https://www.embassypages.com/missions/embassy2224/	Armenia	London
 https://www.embassypages.com/missions/embassy5449/	Australia	London
 https://www.embassypages.com/missions/embassy2590/	Austria	London
 https://www.embassypages.com/missions/embassy12105/	Azerbaijan	London
 https://www.embassypages.com/missions/embassy5966/	Bahamas	London
 https://www.embassypages.com/missions/embassy15621/	Bahrain	London
 https://www.embassypages.com/missions/embassy15622/	Bangladesh	London
 https://www.embassypages.com/missions/embassy15623/	Barbados	London
 https://www.embassypages.com/missions/embassy2620/	Belarus	London
 https://www.embassypages.com/missions/embassy2848/	Belgium	London
 https://www.embassypages.com/missions/embassy8967/	Belize	London
 https://www.embassypages.com/missions/embassy6156/	Bolivia	London
 https://www.embassypages.com/missions/embassy3085/	Bosnia and Herzegovina	London
 https://www.embassypages.com/missions/embassy15625/	Botswana	London
 https://www.embassypages.com/missions/embassy15626/	Brazil	London
 https://www.embassypages.com/missions/embassy4550/	Brunei	London
 https://www.embassypages.com/missions/embassy3101/	Bulgaria	London
 https://www.embassypages.com/missions/embassy25251/	Burundi	London
 https://www.embassypages.com/missions/embassy11816/	Cambodia	London
 https://www.embassypages.com/missions/embassy15627/	Cameroon	London
 https://www.embassypages.com/missions/embassy1800/	Canada	London
 https://www.embassypages.com/missions/embassy13264/	Chile	London
 https://www.embassypages.com/missions/embassy4683/	China	London
 https://www.embassypages.com/missions/embassy15629/	Colombia	London
 https://www.embassypages.com/missions/embassy15631/	Congo (Democratic Republic)	London
 https://www.embassypages.com/missions/embassy1844/	Costa Rica	London
 https://www.embassypages.com/missions/embassy15644/	Cote d'Ivoire	London
 https://www.embassypages.com/missions/embassy3272/	Croatia	London
 https://www.embassypages.com/missions/embassy1982/	Cuba	London
 https://www.embassypages.com/missions/embassy3317/	Cyprus	London
 https://www.embassypages.com/missions/embassy3662/	Czech Republic	London
 https://www.embassypages.com/missions/embassy14624/	Denmark	London
 https://www.embassypages.com/missions/embassy15632/	Dominica	London
 https://www.embassypages.com/missions/embassy9040/	Dominican Republic	London
 https://www.embassypages.com/missions/embassy10414/	Ecuador	London
 https://www.embassypages.com/missions/embassy8562/	Egypt	London
 https://www.embassypages.com/missions/embassy15633/	El Salvador	London
 https://www.embassypages.com/missions/embassy18354/	Equatorial Guinea	London
 https://www.embassypages.com/missions/embassy15634/	Eritrea	London
 https://www.embassypages.com/missions/embassy436/	Estonia	London
 https://www.embassypages.com/missions/embassy13842/	Ethiopia	London
 https://www.embassypages.com/missions/embassy5100/	Fiji	London
 https://www.embassypages.com/missions/embassy3839/	Finland	London
 https://www.embassypages.com/missions/embassy4434/	France	London
 https://www.embassypages.com/missions/embassy15635/	Gabon	London
 https://www.embassypages.com/missions/embassy15636/	Gambia	London
 https://www.embassypages.com/missions/embassy13879/	Georgia	London
 https://www.embassypages.com/missions/embassy1238/	Germany	London
 https://www.embassypages.com/missions/embassy15637/	Ghana	London
 https://www.embassypages.com/missions/embassy9836/	Greece	London
 https://www.embassypages.com/missions/embassy15638/	Grenada	London
 https://www.embassypages.com/missions/embassy2077/	Guatemala	London
 https://www.embassypages.com/missions/embassy19107/	Guinea	London
 https://www.embassypages.com/missions/embassy6115/	Guyana	London
 https://www.embassypages.com/missions/embassy10303/	Haiti	London
 https://www.embassypages.com/missions/embassy15640/	Holy See (Vatican City)	London
 https://www.embassypages.com/missions/embassy2182/	Honduras	London
 https://www.embassypages.com/missions/embassy10582/	Hungary	London
 https://www.embassypages.com/missions/embassy5655/	Iceland	London
 https://www.embassypages.com/missions/embassy4888/	India	London
 https://www.embassypages.com/missions/embassy5082/	Indonesia	London
 https://www.embassypages.com/missions/embassy15641/	Iran	London
 https://www.embassypages.com/missions/embassy15642/	Iraq	London
 https://www.embassypages.com/missions/embassy9485/	Ireland	London
 https://www.embassypages.com/missions/embassy15643/	Israel	London
 https://www.embassypages.com/missions/embassy7103/	Italy	London
 https://www.embassypages.com/missions/embassy5884/	Jamaica	London
 https://www.embassypages.com/missions/embassy15645/	Japan	London
 https://www.embassypages.com/missions/embassy15646/	Jordan	London
 https://www.embassypages.com/missions/embassy13930/	Kazakhstan	London
 https://www.embassypages.com/missions/embassy15647/	Kenya	London
 https://www.embassypages.com/missions/embassy15648/	Korea (Democratic Republic)	London
 https://www.embassypages.com/missions/embassy15649/	Korea (Republic)	London
 https://www.embassypages.com/missions/embassy22422/	Kosovo	London
 https://www.embassypages.com/missions/embassy15650/	Kuwait	London
 https://www.embassypages.com/missions/embassy11896/	Kyrgyzstan	London
 https://www.embassypages.com/missions/embassy18652/	Laos	London
 https://www.embassypages.com/missions/embassy6477/	Latvia	London
 https://www.embassypages.com/missions/embassy15651/	Lebanon	London
 https://www.embassypages.com/missions/embassy12701/	Lesotho	London
 https://www.embassypages.com/missions/embassy15652/	Liberia	London
 https://www.embassypages.com/missions/embassy15653/	Libya	London
 https://www.embassypages.com/missions/embassy6450/	Lithuania	London
 https://www.embassypages.com/missions/embassy1277/	Luxembourg	London
 https://www.embassypages.com/missions/embassy6300/	Macedonia	London
 https://www.embassypages.com/missions/embassy15655/	Malawi	London
 https://www.embassypages.com/missions/embassy14105/	Malaysia	London
 https://www.embassypages.com/missions/embassy595/	Maldives	London
 https://www.embassypages.com/missions/embassy5739/	Malta	London
 https://www.embassypages.com/missions/embassy18651/	Mauritania	London
 https://www.embassypages.com/missions/embassy8700/	Mauritius	London
 https://www.embassypages.com/missions/embassy14167/	Mexico	London
 https://www.embassypages.com/missions/embassy13470/	Moldova	London
 https://www.embassypages.com/missions/embassy210/	Monaco	London
 https://www.embassypages.com/missions/embassy7504/	Mongolia	London
 https://www.embassypages.com/missions/embassy22464/	Montenegro	London
 https://www.embassypages.com/missions/embassy15657/	Morocco	London
 https://www.embassypages.com/missions/embassy6658/	Mozambique	London
 https://www.embassypages.com/missions/embassy9280/	Myanmar	London
 https://www.embassypages.com/missions/embassy8666/	Namibia	London
 https://www.embassypages.com/missions/embassy8773/	Nepal	London
 https://www.embassypages.com/missions/embassy8444/	Netherlands	London
 https://www.embassypages.com/missions/embassy5134/	New Zealand	London
 https://www.embassypages.com/missions/embassy6013/	Nicaragua	London
 https://www.embassypages.com/missions/embassy15658/	Nigeria	London
 https://www.embassypages.com/missions/embassy15659/	Norway	London
 https://www.embassypages.com/missions/embassy11681/	Oman	London
 https://www.embassypages.com/missions/embassy10875/	Pakistan	London
 https://www.embassypages.com/missions/embassy15660/	Panama	London
 https://www.embassypages.com/missions/embassy15661/	Papua New Guinea	London
 https://www.embassypages.com/missions/embassy12626/	Paraguay	London
 https://www.embassypages.com/missions/embassy15662/	Peru	London
 https://www.embassypages.com/missions/embassy10181/	Philippines	London
 https://www.embassypages.com/missions/embassy15663/	Poland	London
 https://www.embassypages.com/missions/embassy11388/	Portugal	London
 https://www.embassypages.com/missions/embassy9331/	Qatar	London
 https://www.embassypages.com/missions/embassy9888/	Romania	London
 https://www.embassypages.com/missions/embassy15664/	Russia	London
 https://www.embassypages.com/missions/embassy15665/	Rwanda	London
 https://www.embassypages.com/missions/embassy15666/	Saint Kitts and Nevis	London
 https://www.embassypages.com/missions/embassy15667/	Saint Lucia	London
 https://www.embassypages.com/missions/embassy15668/	Saint Vincent and the Grenadines	London
 https://www.embassypages.com/missions/embassy11790/	Saudi Arabia	London
 https://www.embassypages.com/missions/embassy15669/	Senegal	London
 https://www.embassypages.com/missions/embassy13554/	Serbia	London
 https://www.embassypages.com/missions/embassy22151/	Seychelles	London
 https://www.embassypages.com/missions/embassy15671/	Sierra Leone	London
 https://www.embassypages.com/missions/embassy6630/	Singapore	London
 https://www.embassypages.com/missions/embassy7920/	Slovakia	London
 https://www.embassypages.com/missions/embassy6733/	Slovenia	London
 https://www.embassypages.com/missions/embassy1543/	South Africa	London
 https://www.embassypages.com/missions/embassy22195/	South Sudan	London
 https://www.embassypages.com/missions/embassy13778/	Spain	London
 https://www.embassypages.com/missions/embassy9396/	Sri Lanka	London
 https://www.embassypages.com/missions/embassy15672/	Sudan	London
 https://www.embassypages.com/missions/embassy12114/	Swaziland	London
 https://www.embassypages.com/missions/embassy11278/	Sweden	London
 https://www.embassypages.com/missions/embassy7770/	Switzerland	London
 https://www.embassypages.com/missions/embassy15673/	Syria	London
 https://www.embassypages.com/missions/embassy22989/	Tajikistan	London
 https://www.embassypages.com/missions/embassy7474/	Tanzania	London
 https://www.embassypages.com/missions/embassy13970/	Thailand	London
 https://www.embassypages.com/missions/embassy10016/	Timor-Leste	London
 https://www.embassypages.com/missions/embassy7245/	Togo	London
 https://www.embassypages.com/missions/embassy5262/	Tonga	London
 https://www.embassypages.com/missions/embassy15674/	Trinidad and Tobago	London
 https://www.embassypages.com/missions/embassy15676/	Tunisia	London
 https://www.embassypages.com/missions/embassy15675/	Turkey	London
 https://www.embassypages.com/missions/embassy15677/	Turkmenistan	London
 https://www.embassypages.com/missions/embassy557/	Uganda	London
 https://www.embassypages.com/missions/embassy15678/	Ukraine	London
 https://www.embassypages.com/missions/embassy15679/	United Arab Emirates	London
 https://www.embassypages.com/missions/embassy15680/	United States	London
 https://www.embassypages.com/missions/embassy12025/	Uruguay	London
 https://www.embassypages.com/missions/embassy11861/	Uzbekistan	London
 https://www.embassypages.com/missions/embassy15681/	Venezuela	London
 https://www.embassypages.com/missions/embassy12752/	Vietnam	London
 https://www.embassypages.com/missions/embassy15682/	Yemen	London
 https://www.embassypages.com/missions/embassy15683/	Zambia	London
 https://www.embassypages.com/missions/embassy15684/	Zimbabwe	London                       
